{
   "components" : [
      {
         "description" : "US English",
         "filename" : "bt_0127_0612.Voyager_Focus_USA_EN_ROW.dfu",
         "languageId" : "1033",
         "maxDuration" : 5,
         "pid" : "0127",
         "type" : "hslang",
         "version" : "612"
      },
      {
         "description" : "UK English",
         "filename" : "bt_0127_0612.Voyager_Focus_GBR_EN_ROW.dfu",
         "languageId" : "2057",
         "maxDuration" : 5,
         "pid" : "0127",
         "type" : "hslang",
         "version" : "612"
      },
      {
         "description" : "French",
         "filename" : "bt_0127_0612.Voyager_Focus_FRA_FR_ROW.dfu",
         "languageId" : "1036",
         "maxDuration" : 5,
         "pid" : "0127",
         "type" : "hslang",
         "version" : "612"
      },
      {
         "description" : "German",
         "filename" : "bt_0127_0612.Voyager_Focus_DEU_DE_ROW.dfu",
         "languageId" : "1031",
         "maxDuration" : 5,
         "pid" : "0127",
         "type" : "hslang",
         "version" : "612"
      },
      {
         "description" : "Spanish",
         "filename" : "bt_0127_0612.Voyager_Focus_USA_ES_ROW.dfu",
         "languageId" : "1034",
         "maxDuration" : 5,
         "pid" : "0127",
         "type" : "hslang",
         "version" : "612"
      },
      {
         "description" : "Cantonese",
         "filename" : "bt_0127_0612.Voyager_Focus_HKG_ZH_ROW.dfu",
         "languageId" : "3076",
         "maxDuration" : 5,
         "pid" : "0127",
         "type" : "hslang",
         "version" : "612"
      },
      {
         "description" : "Mandarin",
         "filename" : "bt_0127_0612.Voyager_Focus_CHN_ZH_ROW.dfu",
         "languageId" : "2052",
         "maxDuration" : 5,
         "pid" : "0127",
         "type" : "hslang",
         "version" : "612"
      },
      {
         "description" : "Russian",
         "filename" : "bt_0127_0612.Voyager_Focus_RUS_RU_ROW.dfu",
         "languageId" : "1049",
         "maxDuration" : 5,
         "pid" : "0127",
         "type" : "hslang",
         "version" : "612"
      },
      {
         "description" : "Danish",
         "filename" : "bt_0127_0612.Voyager_Focus_DNK_DA_ROW.dfu",
         "languageId" : "1030",
         "maxDuration" : 5,
         "pid" : "0127",
         "type" : "hslang",
         "version" : "612"
      },
      {
         "description" : "Swedish",
         "filename" : "bt_0127_0612.Voyager_Focus_SWE_SV_ROW.dfu",
         "languageId" : "1053",
         "maxDuration" : 5,
         "pid" : "0127",
         "type" : "hslang",
         "version" : "612"
      },
      {
         "description" : "Norwegian",
         "filename" : "bt_0127_0612.Voyager_Focus_NOR_NB_ROW.dfu",
         "languageId" : "1044",
         "maxDuration" : 5,
         "pid" : "0127",
         "type" : "hslang",
         "version" : "612"
      },
      {
         "description" : "Italian",
         "filename" : "bt_0127_0612.Voyager_Focus_ITA_IT_ROW.dfu",
         "languageId" : "1040",
         "maxDuration" : 5,
         "pid" : "0127",
         "type" : "hslang",
         "version" : "612"
      },
      {
         "description" : "Korean",
         "filename" : "bt_0127_0612.Voyager_Focus_KOR_KO_ROW.dfu",
         "languageId" : "1042",
         "maxDuration" : 5,
         "pid" : "0127",
         "type" : "hslang",
         "version" : "612"
      },
      {
         "description" : "Japanese",
         "filename" : "bt_0127_0612.Voyager_Focus_JPN_JA_ROW.dfu",
         "languageId" : "1041",
         "maxDuration" : 5,
         "pid" : "0127",
         "type" : "hslang",
         "version" : "612"
      },
      {
         "description" : "Indonesia",
         "filename" : "bt_0127_0612.Voyager_Focus_IDN_ID_ROW.dfu",
         "languageId" : "1057",
         "maxDuration" : 5,
         "pid" : "0127",
         "type" : "hslang",
         "version" : "612"
      },
      {
         "description" : "Thailand",
         "filename" : "bt_0127_0612.Voyager_Focus_THA_TH_ROW.dfu",
         "languageId" : "1054",
         "maxDuration" : 5,
         "pid" : "0127",
         "type" : "hslang",
         "version" : "612"
      }
   ],
   "releaseDate" : "03/31/2021",
   "releaseNotes" : "http://www.plantronics.com/firmware-release-notes/?pid=0127",
   "type" : "firmware",
   "version" : "612.612.0"
}
